geldbörse damen,1,google
geldbörse herren,2,google
geldbörse,3,google
geldbörse offenbach bieber,4,google
geldbörse damen leder,5,google
geldbörse damen klein,6,google
geldbörse herren leder,7,google
geldbörsen,8,google
geldbörse damen deichmann,9,google
geldbörse klein,10,google
geldbörse auf englisch,1,google
geldbörse animal print,2,google
geldbörse airtag,3,google
geldbörse aigner,4,google
geldbörse aunts and uncles,5,google
geldbörse amazon damen,6,google
geldbörse amazon,7,google
geldbörse anderes wort,8,google
geldbörse aus feuerwehrschlauch,9,google
geldbörse anekke,10,google
geldbörse braun büffel damen,1,google
geldbörse bunt,2,google
geldbörse braun,3,google
geldbörse büffel,4,google
geldbörse beige,5,google
geldbörse burberry,6,google
geldbörse bei amazon,7,google
geldbörse blau,8,google
geldbörse büffelleder,9,google
geldbörse braun büffel,10,google
geldbörse coach,1,google
geldbörse coccinelle,2,google
geldbörse calvin klein,3,google
geldbörse chanel,4,google
geldbörse camel,5,google
geldbörse celine,6,google
geldbörse chloe,7,google
geldbörse cord,8,google
geldbörse cognac damen,9,google
geldbörse carhartt,10,google
geldbörse damen groß,5,google
geldbörse damen leder sale,6,google
geldbörse damen mittelgroß,7,google
geldbörse damen schwarz,8,google
geldbörse damen liebeskind,9,google
geldbörse damen leder marken,10,google
geldbörse englisch,1,google
geldbörse eintracht frankfurt,2,google
geldbörse esprit,3,google
geldbörse english,4,google
geldbörse esquire,5,google
geldbörse eastpak,6,google
geldbörse echt leder damen,7,google
geldbörse echtleder,8,google
geldbörse esquire damen,9,google
geldbörse echtes leder,10,google
geldbörse fossil,1,google
geldbörse frauen,2,google
geldbörse für karten,3,google
geldbörse für männer,4,google
geldbörse fossil damen,5,google
geldbörse für kinder,6,google
geldbörse für scheine,7,google
geldbörse französisch,8,google
geldbörse fritzi aus preußen,9,google
geldbörse für kleingeld,10,google
geldbörse guess,1,google
geldbörse groß damen,2,google
geldbörse gucci,3,google
geldbörse geklaut was tun,4,google
geldbörse grün,5,google
geldbörse groß,6,google
geldbörse geldklammer,7,google
geldbörse gefunden,8,google
geldbörse gold,9,google
geldbörse grün leder,10,google
geldbörse herren klein,3,google
geldbörse herren mit münzfach,4,google
geldbörse herren mit reißverschluss,5,google
geldbörse herren boss,6,google
geldbörse häkeln,7,google
geldbörse herren tommy hilfiger,8,google
geldbörse herren klein leder,9,google
geldbörse herren groß,10,google
geldbörse in englisch,1,google
geldbörse italienisch,2,google
geldbörse italienisches leder,3,google
geldbörse individuell,4,google
geldbörse in der nähe,5,google
geldbörse offenbach,6,google
geldbörse italien,7,google
geldbörse im ausland gestohlen,8,google
geldbörse icon,9,google
geldbörse im bus verloren,10,google
geldbörse jungen,1,google
geldbörse joop,2,google
geldbörse jugendliche,3,google
geldbörse jamie,4,google
geldbörse jack wolfskin,5,google
geldbörse jungen nike,6,google
geldbörse jockey club,7,google
geldbörse joop damen,8,google
geldbörse jennifer jones,9,google
geldbörse joop sale,10,google
geldbörse kinder,2,google
geldbörse klein damen,3,google
geldbörse klein mit münzfach,4,google
geldbörse kaufen,5,google
geldbörse klein herren,6,google
geldbörse kork,7,google
geldbörse kinder jungen,8,google
geldbörse karten,9,google
geldbörse kartenetui,10,google
geldbörse liebeskind,1,google
geldbörse louis vuitton,2,google
geldbörse leder damen,3,google
geldbörse leder,4,google
geldbörse leder herren,5,google
geldbörse lang damen,6,google
geldbörse leo,7,google
geldbörse longchamp,8,google
geldbörse lila,9,google
geldbörse louis vuitton herren,10,google
geldbörse männer,1,google
geldbörse mit kette,2,google
geldbörse michael kors,3,google
geldbörse mit handyfach,4,google
geldbörse mit reißverschluss,5,google
geldbörse mädchen,6,google
geldbörse mit kartenfach und münzfach,7,google
geldbörse mit airtag,8,google
geldbörse mcm,9,google
geldbörse münzen sortieren,10,google
geldbörse nähen,1,google
geldbörse nike,2,google
geldbörse nachhaltig,3,google
geldbörse nylon damen,4,google
geldbörse nylon,5,google
geldbörse nähen anleitung kostenlos,6,google
geldbörse nur für scheine,7,google
geldbörse neon,8,google
geldbörse nur für karten,9,google
geldbörse north face,10,google
geldbörse orange,2,google
geldbörse ohne münzfach,3,google
geldbörse ohne münzfach herren,4,google
geldbörse ohne reißverschluss,5,google
geldbörse online,7,google
geldbörse ohne kartenfach,8,google
geldbörse orange leder,9,google
geldbörse otto kern,10,google
geldbörse portemonnaie,1,google
geldbörse personalisiert,2,google
geldbörse prada,3,google
geldbörse pink,4,google
geldbörse porsche design,5,google
geldbörse papier,6,google
geldbörse pokemon,7,google
geldbörse puma,8,google
geldbörse picard,9,google
geldbörse personalisieren,10,google
geldbörse quadratisch,1,google
geldbörse querformat herren,2,google
geldbörse qvc,3,google
geldbörse querformat damen,4,google
geldbörse quiksilver,5,google
geldbörse querformat,6,google
geldbörse quer,7,google
qiwi geldbörse,8,google
quiksilver geldbörse herren,9,google
quiksilver geldbörse leder,10,google
geldbörse rot,1,google
geldbörse rundum-reißverschluss damen,2,google
geldbörse reißverschluss,3,google
geldbörse rfid,4,google
geldbörse ralph lauren,5,google
geldbörse rosa,6,google
geldbörse rossmann,7,google
geldbörse rfid schutz,8,google
geldbörse rfid herren,9,google
geldbörse rfid damen,10,google
geldbörse stoff,1,google
geldbörse schwarz,2,google
geldbörse spanisch,3,google
geldbörse synonym,4,google
geldbörse selbst gestalten,5,google
geldbörse secrid,6,google
geldbörse selber nähen,7,google
geldbörse schwarz damen,8,google
geldbörse suri frey,9,google
geldbörse sale,10,google
geldbörse tommy hilfiger,1,google
geldbörse tamaris,2,google
geldbörse tom tailor,3,google
geldbörse tommy hilfiger herren,4,google
geldbörse tasche,5,google
geldbörse türkis,6,google
geldbörse tracker,7,google
geldbörse tommy hilfiger damen,8,google
geldbörse the bridge,9,google
geldbörse test,10,google
geldbörse umhängetasche,1,google
geldbörse und handytasche,2,google
geldbörse umhängen,3,google
geldbörse unisex,4,google
geldbörse urlaub,5,google
geldbörse und schlüsseltasche,6,google
geldbörse upcycling,7,google
geldbörse um den hals,8,google
geldbörse umfragen,9,google
geldbörse usa,10,google
geldbörse verloren was tun,1,google
geldbörse valentino,2,google
geldbörse vegan,3,google
geldbörse vaude,4,google
geldbörse verloren,5,google
geldbörse vintage,6,google
geldbörse von zwei,7,google
geldbörse verloren polizei,8,google
geldbörse von louis vuitton,9,google
geldbörse von liebeskind,10,google
geldbörse wiener schachtel,1,google
geldbörse wallet,2,google
geldbörse weiches leder,3,google
geldbörse wasserdicht,4,google
geldbörse wiener schachtel damen,5,google
geldbörse wildleder,6,google
geldbörse wild things only,7,google
geldbörse wallet herren,8,google
geldbörse woolworth,9,google
geldbörse wolf,10,google
geldbörse xxl damen,1,google
geldbörse xl,2,google
geldbörse xs,3,google
xxl geldbörse damen mit handyfach,4,google
xxl geldbörse herren,5,google
xl geldbörse damen,6,google
xxl geldbörse damen groß,7,google
x47 geldbörse,8,google
xsry geldbörse,9,google
xbox geldbörse,10,google
geldbörse ysl,1,google
geldbörse young spirit,2,google
geldbörse yakleder,3,google
geldbörse yoshi,4,google
ysl geldbörse damen,5,google
ysl geldbörse damen sale,6,google
ysl geldbörse herren,7,google
youtube geldbörse häkeln,8,google
ynot geldbörse,9,google
ysl cassandra geldbörse,10,google
geldbörse zum umhängen,1,google
geldbörse zwei,2,google
geldbörse zum umhängen kinder,3,google
geldbörse zalando,4,google
geldbörse zwei reißverschlüsse,5,google
geldbörse zum umhängen herren,6,google
geldbörse zum klappen,7,google
geldbörse zum umhängen damen,8,google
geldbörse zip around,9,google
geldbörse zum aufklappen,10,google
geldbeutel,1,google
geldbeutel damen,2,google
geldbeutel herren,3,google
geldbeutel auf englisch,4,google
geldbeutel spanisch,5,google
geldbeutel damen klein,6,google
geldbeutel kinder,7,google
geldbeutel verloren was tun,8,google
geldbeutel kinder jungen,9,google
geldbeutel klein,10,google
geldbeutel auf spanisch,2,google
geldbeutel airtag versteckt,3,google
geldbeutel artikel,4,google
geldbeutel amazon,5,google
geldbeutel aus tetrapack,6,google
geldbeutel aus papier,7,google
geldbeutel adidas,8,google
geldbeutel am körper tragen,9,google
geldbeutel anekke,10,google
geldbeutel basteln kinder,1,google
geldbeutel boss,2,google
geldbeutel braun büffel,3,google
geldbeutel bei vinted,4,google
geldbeutel beige,5,google
geldbeutel bunt,6,google
geldbeutel braun,7,google
geldbeutel büffel,8,google
geldbeutel bild,9,google
geldbeutel burberry,10,google
geldbeutel calvin klein damen,1,google
geldbeutel coach,2,google
geldbeutel celine,3,google
geldbeutel clip,4,google
geldbeutel coccinelle,5,google
geldbeutel cord,6,google
geldbeutel carhartt,7,google
geldbeutel coocazoo,8,google
geldbeutel clipart,9,google
geldbeutel camel,10,google
geldbeutel damen groß,3,google
geldbeutel damen leder,4,google
geldbeutel damen mittelgroß,5,google
geldbeutel damen liebeskind,6,google
geldbeutel disney,7,google
geldbeutel damen guess,8,google
geldbeutel damen amazon,9,google
geldbeutel damen designer,10,google
geldbeutel englisch,1,google
geldbeutel eintracht frankfurt,2,google
geldbeutel ergobag,3,google
geldbeutel emoji,4,google
geldbeutel etsy,5,google
geldbeutel einhorn,6,google
geldbeutel einschulung,7,google
geldbeutel echtleder herren,8,google
geldbeutel eastpak,9,google
geldbeutel esprit damen,10,google
geldbeutel falten,1,google
geldbeutel frauen,2,google
geldbeutel frauen groß,3,google
geldbeutel finder,4,google
geldbeutel für karten,5,google
geldbeutel fossil,6,google
geldbeutel feuerwehrschlauch,7,google
geldbeutel französisch,8,google
geldbeutel frankfurt,9,google
geldbeutel für kinder,10,google
geldbeutel guess,1,google
geldbeutel geklaut was tun,2,google
geldbeutel gefunden was tun,3,google
geldbeutel gucci,4,google
geldbeutel grundschule,5,google
geldbeutel groß damen,6,google
geldbeutel groß,7,google
geldbeutel guess schwarz,8,google
geldbeutel günstig,9,google
geldbeutel goyard,10,google
geldbeutel herren klein,2,google
geldbeutel herren marken,3,google
geldbeutel herren leder,4,google
geldbeutel herren calvin klein,5,google
geldbeutel herren mit münzfach,6,google
geldbeutel handytasche,7,google
geldbeutel häkeln,8,google
geldbeutel herren lacoste,9,google
geldbeutel herren amazon,10,google
geldbeutel italienisch,1,google
geldbeutel im supermarkt geklaut,2,google
geldbeutel in englisch,3,google
geldbeutel im bus verloren was tun,4,google
geldbeutel im ausland verloren,5,google
geldbeutel i clip,6,google
geldbeutel italienische marke,7,google
geldbeutel im zug verloren,8,google
geldbeutel icon,9,google
geldbeutel im bus verloren,10,google
geldbeutel junge,1,google
geldbeutel jugendlich junge,2,google
geldbeutel junge 6 jahre,3,google
geldbeutel jugendliche,4,google
geldbeutel joop,5,google
geldbeutel jamie,6,google
geldbeutel jugendlich junge leder,7,google
geldbeutel jugendlich junge nike,8,google
geldbeutel jungen nike,9,google
geldbeutel joop damen,10,google
geldbeutel klein damen,4,google
geldbeutel karten,5,google
geldbeutel kartenhalter,6,google
geldbeutel kaufen,7,google
geldbeutel kinder umhängen,8,google
geldbeutel klein mit münzfach,9,google
geldbeutel klein herren,10,google
geldbeutel louis vuitton,1,google
geldbeutel liebeskind,2,google
geldbeutel leder,3,google
geldbeutel leder herren,4,google
geldbeutel leder damen,5,google
geldbeutel louis vuitton herren,6,google
geldbeutel leo,7,google
geldbeutel liebeskind sale,8,google
geldbeutel leder braun damen,9,google
geldbeutel lkw plane,10,google
geldbeutel männer,1,google
geldbeutel mädchen 12 jahre,2,google
geldbeutel mit vielen fächern,3,google
geldbeutel mädchen 14 jahre,4,google
geldbeutel mit kartenschieber,5,google
geldbeutel mit reißverschluss,6,google
geldbeutel mädchen,7,google
geldbeutel mit airtag,8,google
geldbeutel mit sichtfenster außen,9,google
geldbeutel michael kors,10,google
geldbeutel nähen,1,google
geldbeutel nähen schnittmuster kostenlos,2,google
geldbeutel nike,3,google
geldbeutel nähen mit reißverschluss,4,google
geldbeutel nachhaltig damen,5,google
geldbeutel nähen anfänger,6,google
geldbeutel nähen schnittmuster,7,google
geldbeutel north face,8,google
geldbeutel nähen kinder,9,google
geldbeutel nur für karten,10,google
geldbeutel outdoor,1,google
geldbeutel orange,2,google
geldbeutel ohne reißverschluss,3,google
geldbeutel orten apple,4,google
geldbeutel otto,5,google
geldbeutel ohne leder,6,google
geldbeutel otto kern,7,google
geldbeutel ohne münzfach,8,google
geldbeutel oder portemonnaie,9,google
geldbeutel orten,10,google
geldbeutel personalisiert,1,google
geldbeutel prada,2,google
geldbeutel porsche design,3,google
geldbeutel pokemon,4,google
geldbeutel papercut,5,google
geldbeutel pink,6,google
geldbeutel portemonnaie,7,google
geldbeutel patagonia,8,google
geldbeutel paw patrol,9,google
geldbeutel papier,10,google
geldbeutel quiksilver,1,google
geldbeutel quadratisch,2,google
geldbeutel querformat,3,google
geldbeutel quer,4,google
quiksilver geldbeutel herren,5,google
qvc geldbeutel,6,google
quadlock geldbeutel,7,google
geldbeutel damen quadratisch,8,google
geldbeutel herren querformat,9,google
geldbeutel herren gute qualität,10,google
geldbeutel rfid schutz,1,google
geldbeutel ralph lauren,2,google
geldbeutel rosa,3,google
geldbeutel reise,4,google
geldbeutel rot,5,google
geldbeutel rot leder,6,google
geldbeutel roxy,7,google
geldbeutel ralph lauren damen,8,google
geldbeutel rot damen,9,google
geldbeutel reißverschluss,10,google
geldbeutel schwarz damen,2,google
geldbeutel satch,3,google
geldbeutel stoff,4,google
geldbeutel synonym,5,google
geldbeutel schnittmuster kostenlos,6,google
geldbeutel schwarz,7,google
geldbeutel secrid,8,google
geldbeutel schlüsselanhänger,9,google
geldbeutel selbst nähen,10,google
geldbeutel tommy hilfiger damen,1,google
geldbeutel tommy hilfiger herren,2,google
geldbeutel tracker,3,google
geldbeutel tasche,4,google
geldbeutel tamaris,5,google
geldbeutel the north face,6,google
geldbeutel tom tailor,7,google
geldbeutel türkis,8,google
geldbeutel tedi,9,google
geldbeutel temu,10,google
geldbeutel umhängen,1,google
geldbeutel umhängen kinder,2,google
geldbeutel um den hals,3,google
geldbeutel urlaub,4,google
geldbeutel umhängetasche,5,google
geldbeutel unter kleidung,6,google
geldbeutel unisex,7,google
geldbeutel upcycling,8,google
geldbeutel und handytasche,9,google
geldbeutel umschlagmethode,10,google
geldbeutel vinted,2,google
geldbeutel valentino,3,google
geldbeutel vegan,4,google
geldbeutel verloren was machen,5,google
geldbeutel verloren polizei,6,google
geldbeutel vintage,7,google
geldbeutel viele karten,8,google
geldbeutel vans,9,google
geldbeutel verschluss,10,google
geldbeutel wallet,1,google
geldbeutel weg was tun,2,google
geldbeutel weiches leder,3,google
geldbeutel wiener schachtel,4,google
geldbeutel weiß,5,google
geldbeutel weinrot,6,google
geldbeutel wasserdicht,7,google
geldbeutel waschen,8,google
geldbeutel wolf,9,google
geldbeutel wiederfinden,10,google
geldbeutel xxl,1,google
xxl geldbeutel damen,2,google
xl geldbeutel,3,google
geldbeutel damen xl,4,google
geldbeutel leder xxl damen,5,google
geldbörse xxl,6,google
geldbeutel 10x8,7,google
geldbeutel 10x7 herren,8,google
geldbeutel luxus,9,google
geldbeutel ysl,1,google
geldbeutel y2k,2,google
geldbeutel y,3,google
ysl geldbeutel herren,4,google
ysl geldbeutel klein,5,google
ykra geldbeutel,6,google
yoshi geldbeutel,7,google
youtube geldbeutel nähen,8,google
ysl geldbeutel schwarz,9,google
y3 geldbeutel,10,google
geldbeutel zum umhängen,1,google
geldbeutel zum umhängen damen,2,google
geldbeutel zwei,3,google
geldbeutel zeichnen,4,google
geldbeutel zum klappen,5,google
geldbeutel zum umhängen kinder,6,google
geldbeutel zeichnung,7,google
geldbeutel zum bemalen,8,google
geldbeutel zara,9,google
geldbeutel zip,10,google
portemonnaie damen,1,google
portemonnaie herren,2,google
portemonnaie,3,google
portemonnaie damen klein,4,google
portemonnaie verloren was tun,5,google
portemonnaie frauen,6,google
portemonnaie duden,7,google
portemonnaie englisch,8,google
portemonnaie damen liebeskind,9,google
portemonnaie kinder,10,google
portemonnaie auf englisch,1,google
portemonnaie airtag,2,google
portemonnaie artikel,3,google
portemonnaie amazon,4,google
portemonnaie aus tetrapack,5,google
portemonnaie aus papier,6,google
portemonnaie aigner,7,google
portemonnaie aus feuerwehrschlauch,8,google
portemonnaie adidas,9,google
portemonnaie alte schreibweise,10,google
portemonnaie basteln,1,google
portemonnaie büffel,2,google
portemonnaie berlin,3,google
portemonnaie bedeutung,4,google
portemonnaie beige,5,google
portemonnaie bunt,6,google
portemonnaie braun,7,google
portemonnaie blau,8,google
portemonnaie bedrucken,9,google
portemonnaie burberry,10,google
portemonnaie coach,1,google
portemonnaie chanel,2,google
portemonnaie carhartt,3,google
portemonnaie calvin klein,4,google
portemonnaie coccinelle,5,google
portemonnaie celine,6,google
portemonnaie chloe,7,google
portemonnaie cord,8,google
portemonnaie cardholder,9,google
portemonnaie clip,10,google
portemonnaie damen klein leder,5,google
portemonnaie damen groß,6,google
portemonnaie damen mittelgroß,7,google
portemonnaie damen leder,8,google
portemonnaie damen groß viele fächer,9,google
portemonnaie damen sale,10,google
portemonnaie eintracht frankfurt,2,google
portemonnaie eastpak,3,google
portemonnaie english,4,google
portemonnaie echtleder,5,google
portemonnaie ergobag,6,google
portemonnaie esprit,7,google
portemonnaie etsy,8,google
portemonnaie einhorn,9,google
portemonnaie ernstings family,10,google
portemonnaie fossil,2,google
portemonnaie für karten,3,google
portemonnaie französisch,4,google
portemonnaie frauen klein,5,google
portemonnaie finder,6,google
portemonnaie falten,7,google
portemonnaie für kinder,8,google
portemonnaie für karten und scheine,9,google
portemonnaie für männer,10,google
portemonnaie gucci,1,google
portemonnaie guess,2,google
portemonnaie groß damen,3,google
portemonnaie gefunden,4,google
portemonnaie geklaut was tun,5,google
portemonnaie grün damen,6,google
portemonnaie grün,7,google
portemonnaie gestohlen versicherung,8,google
portemonnaie gestohlen,9,google
portemonnaie goyard,10,google
portemonnaie herren klein,2,google
portemonnaie herren leder,3,google
portemonnaie herren leder hochwertig,4,google
portemonnaie herren mit münzfach,5,google
portemonnaie herren boss,6,google
portemonnaie herren mit airtag,7,google
portemonnaie herren marken,8,google
portemonnaie herren lacoste,9,google
portemonnaie herren joop,10,google
portemonnaie italienisch,1,google
portemonnaie im bus verloren,2,google
portemonnaie in english,3,google
portemonnaie iphone,4,google
portemonnaie italien,5,google
portemonnaie in der nähe,6,google
portemonnaie frankfurt,7,google
portemonnaie im zug verloren,8,google
portemonnaie initialen,9,google
portemonnaie icon,10,google
portemonnaie jungen,1,google
portemonnaie jugendliche,2,google
portemonnaie joop,3,google
portemonnaie jugendliche mädchen,4,google
portemonnaie jungen nike,5,google
portemonnaie jack wolfskin,6,google
portemonnaie joop damen,7,google
portemonnaie jordan,8,google
portemonnaie jockey club,9,google
portemonnaie jeans,10,google
portemonnaie klein,2,google
portemonnaie klein damen,3,google
portemonnaie karten,4,google
portemonnaie kaufen,5,google
portemonnaie klein herren,6,google
portemonnaie kette,7,google
portemonnaie kork,8,google
portemonnaie kinder umhängen,9,google
portemonnaie kinder jungen,10,google
portemonnaie louis vuitton damen,1,google
portemonnaie liebeskind,2,google
portemonnaie leder,3,google
portemonnaie leder damen,4,google
portemonnaie louis vuitton herren,5,google
portemonnaie leder herren,6,google
portemonnaie lacoste,7,google
portemonnaie longchamp,8,google
portemonnaie leo,9,google
portemonnaie lang,10,google
porte monnaie maitre,1,google
portemonnaie männer,2,google
portemonnaie mädchen,3,google
portemonnaie michael kors,4,google
portemonnaie mit airtag,5,google
portemonnaie mit kette,6,google
portemonnaie mcm,7,google
portemonnaie marken,8,google
portemonnaie mit reißverschluss,9,google
portemonnaie mit bügelverschluss,10,google
portemonnaie nähen,1,google
portemonnaie nike,2,google
portemonnaie nachhaltig,3,google
portemonnaie nur für karten,4,google
portemonnaie neue rechtschreibung,5,google
portemonnaie nähen schnittmuster kostenlos,6,google
portemonnaie nähen einfach,7,google
portemonnaie north face,8,google
portemonnaie nähen mit reißverschluss,9,google
portemonnaie nike jordan,10,google
portemonnaie orange,1,google
portemonnaie ohne münzfach,2,google
portemonnaie orten,3,google
portemonnaie oilily,4,google
portemonnaie otto,5,google
portemonnaie outdoor,6,google
portemonnaie ohne leder,7,google
portemonnaie ohne reißverschluss damen,8,google
portemonnaie old river,9,google
portemonnaie outlet,10,google
portemonnaie prada,1,google
portemonnaie papier,2,google
portemonnaie personalisiert,3,google
portemonnaie pink,4,google
portemonnaie porsche design,5,google
portemonnaie papercut,6,google
portemonnaie plural,7,google
portemonnaie patagonia,8,google
portemonnaie portemonnaie,9,google
portemonnaie polo ralph lauren,10,google
portemonnaie quicksilver,1,google
portemonnaie quadratisch,2,google
portemonnaie quiksilver,3,google
portemonnaie querformat,4,google
portemonnaie quer,5,google
portemonnaie qualität,6,google
qvc portemonnaie mit kartenschutz,7,google
portemonnaie damen quadratisch,8,google
portemonnaie herren querformat,9,google
portemonnaie herren quiksilver,10,google
portemonnaie ralph lauren,1,google
portemonnaie rechtschreibung,2,google
portemonnaie rot,3,google
portemonnaie rosa,4,google
portemonnaie rot leder,5,google
portemonnaie reißverschluss,6,google
portemonnaie rfid,7,google
portemonnaie rossmann,8,google
portemonnaie rätsel,9,google
portemonnaie richtig schreiben,10,google
portemonnaie schreibweise,1,google
portemonnaie schnittmuster pdf kostenlos,2,google
portemonnaie schwarz,3,google
portemonnaie spanisch,4,google
portemonnaie synonym,5,google
portemonnaie stoff,6,google
portemonnaie secrid,7,google
portemonnaie selber nähen,8,google
portemonnaie selbst gestalten,9,google
portemonnaie schlüsselanhänger,10,google
portemonnaie tasche,1,google
portemonnaie tommy hilfiger,2,google
portemonnaie tracker,3,google
portemonnaie tommy hilfiger herren,4,google
portemonnaie tom tailor,5,google
portemonnaie tamaris,6,google
portemonnaie türkis,7,google
portemonnaie ted baker,8,google
portemonnaie the bridge,9,google
portemonnaie topmodel,10,google
portemonnaie umhängen,1,google
portemonnaie umhängetasche,2,google
portemonnaie und handytasche zum umhängen,3,google
portemonnaie upcycling,4,google
portemonnaie umhängen kinder,5,google
portemonnaie um den hals,6,google
portemonnaie urban outfitters,7,google
portemonnaie unisex,8,google
portemonnaie urlaub,9,google
portemonnaie ultraleicht,10,google
portemonnaie viele kartenfächer damen,2,google
portemonnaie valentino,3,google
portemonnaie vegan,4,google
portemonnaie verloren polizei,5,google
portemonnaie vegan damen,6,google
portemonnaie vintage,7,google
portemonnaie verloren frankfurt,8,google
portemonnaie viele kartenfächer herren,9,google
portemonnaie verloren kosten,10,google
portemonnaie wortherkunft,1,google
portemonnaie weg was tun,2,google
portemonnaie wikipedia,3,google
portemonnaie wallet,4,google
portemonnaie weiches leder,5,google
portemonnaie wildleder,6,google
portemonnaie wiederfinden,7,google
portemonnaie wild things only,8,google
portemonnaie weiß,9,google
portemonnaie wasserdicht,10,google
portemonnaie xxl,1,google
portemonnaie xl,2,google
xl portemonnaie damen,3,google
xxl portemonnaie herren,4,google
xbox portemonnaie,5,google
xiaomi portemonnaie,6,google
x47 portemonnaie,7,google
portemonnaie 10 x 8,8,google
paprcuts portemonnaie xl,9,google
damen portemonnaie groß xxl,10,google
portemonnaie ysl,1,google
portemonnaie ysl femme,2,google
portemonnaie yves saint laurent,3,google
portemonaise,4,google
portemonnaie damen ysl,5,google
portemonnaie zwei,1,google
portemonnaie zum umhängen,2,google
portemonnaie zalando,3,google
portemonnaie zum umhängen kinder,4,google
portemonnaie zum umhängen leder,5,google
portemonnaie zum umhängen herren,6,google
portemonnaie zwei reißverschlüsse,7,google
portemonnaie zara,8,google
portemonnaie zelda,9,google
portemonnaie zum umhängen damen,10,google
portmonee auf englisch,1,google
portmonee englisch,1,google
portmonee im bus verloren,1,google
portemonnaie mit handyfach,10,google
portmonee oder portemonnaie,1,google
portmonee qr code,1,google
portmonee qualität,2,google
portmonee queen,3,google
portmonee qr,4,google
portmonee qr code erstellen,5,google
umhängeportemonnaie,1,google
union portmonee,2,google
uber portmonee verloren,3,google
mcm umhängeportemonnaie,5,google
guess usa portemonnaie,6,google
portmonee com ua,7,google
portmone ua,9,google
portemonnaie wolf,10,google
portmonee xxl,1,google
portmonee xs,2,google
portemonnaie y2k,3,google
yvs portmonee,4,google
portmonee new yorker,5,google
portmonee band,9,google
kartenhalter,1,google
kartenhalter kinder,2,google
kartenhalter holz,3,google
kartenhalter herren,4,google
kartenhalter damen,5,google
kartenhalter spielkarten,6,google
kartenhalter portemonnaie,7,google
kartenhalter louis vuitton,8,google
kartenhalter mit band,9,google
kartenhalter tisch,10,google
kartenhalter amazon,1,google
kartenhalter aus holz,2,google
kartenhalter auto,3,google
kartenhalter arbeit,4,google
kartenhalter ausziehbar,5,google
kartenhalter acryl,6,google
kartenhalter ausweis,7,google
kartenhalter action,8,google
kartenhalter apple,9,google
kartenhalter airtag,10,google
kartenhalter basteln,1,google
kartenhalter brettspiele,2,google
kartenhalter basteln kinder,3,google
kartenhalter band,4,google
kartenhalter büro,5,google
kartenhalter beton,6,google
kartenhalter beige,7,google
kartenhalter bedeutung,8,google
kartenhalter boss,9,google
kartenhalter batman,10,google
kartenhalter coach,1,google
kartenhalter chanel,2,google
kartenhalter clip,3,google
kartenhalter cd,4,google
kartenhalter celine,5,google
kartenhalter chipkarten,6,google
kartenhalter coach cherry,7,google
kartenhalter calvin klein,8,google
kartenhalter carbon,9,google
kartenhalter cartier,10,google
kartenhalter diy,2,google
kartenhalter durchsichtig,3,google
kartenhalter designer,4,google
kartenhalter dior,5,google
kartenhalter damen mit münzfach,6,google
kartenhalter dm,7,google
kartenhalter draht,8,google
kartenhalter damen coach,9,google
kartenhalter dienstausweis,10,google
kartenhalter eiche,1,google
kartenhalter eulenschnitt,2,google
kartenhalter etui,3,google
kartenhalter edelstahl,4,google
kartenhalter ec karten,5,google
kartenhalter erwachsene,6,google
kartenhalter easy sticks,7,google
kartenhalter etsy,9,google
kartenhalter englisch,10,google
kartenhalter für kinder,1,google
kartenhalter für handyhülle,2,google
kartenhalter für handy,3,google
kartenhalter frauen,4,google
kartenhalter für spielkarten,5,google
kartenhalter fahrrad,6,google
kartenhalter für die wand,7,google
kartenhalter für kinder selber machen,8,google
kartenhalter filz,9,google
kartenhalter für schlüsselband,10,google
kartenhalter goyard,1,google
kartenhalter gucci,2,google
kartenhalter gold,3,google
kartenhalter guess,4,google
kartenhalter geldbeutel,5,google
kartenhalter geldbörse,6,google
kartenhalter gürtel,7,google
kartenhalter gastro,8,google
kartenhalter groß,9,google
kartenhalter grün,10,google
kartenhalter handy,3,google
kartenhalter holz dm,4,google
kartenhalter holz depot,5,google
kartenhalter handyhülle,6,google
kartenhalter hochzeit,7,google
kartenhalter holz rossmann,8,google
kartenhalter hose,9,google
kartenhalter handy kleben,10,google
kartenhalter iphone,1,google
kartenhalter ikea,2,google
kartenhalter iphone 15,3,google
kartenhalter ideen,4,google
kartenhalter jojo,1,google
kartenhalter jako o,2,google
kartenhalter jumbo,3,google
kartenhalter joop,4,google
kartenhalter jacquemus,5,google
kartenhalter jako,6,google
kartenhalter jassen,7,google
kartenhalter jungs,8,google
jucad kartenhalter,9,google
joop kartenhalter damen,10,google
kartenhalter kinder rossmann,2,google
kartenhalter kinder holz,3,google
kartenhalter kinder basteln,4,google
kartenhalter kreditkarte,5,google
kartenhalter kinder müller,6,google
kartenhalter krankenschwester,7,google
kartenhalter klötzchen,8,google
kartenhalter kaufen,9,google
kartenhalter kinder nähen,10,google
kartenhalter longchamp,2,google
kartenhalter leder,3,google
kartenhalter leder herren,4,google
kartenhalter liebeskind,5,google
kartenhalter lacoste,6,google
kartenhalter leopard,7,google
kartenhalter luxus,8,google
kartenhalter leder damen,9,google
kartenhalter lanyard,10,google
kartenhalter männer,1,google
kartenhalter mit münzfach,3,google
kartenhalter metall,4,google
kartenhalter mit zugband,5,google
kartenhalter magsafe,6,google
kartenhalter mcm,7,google
kartenhalter michael kors,8,google
kartenhalter magnetisch,9,google
kartenhalter mit reißverschluss,10,google
kartenhalter nähen,1,google
kartenhalter nähen rund,2,google
kartenhalter nähen schnittmuster kostenlos,3,google
kartenhalter nähen kostenlos,4,google
kartenhalter nachhaltig,5,google
kartenhalter nike,6,google
kartenhalter namensschild,7,google
kartenhalter nurse,8,google
kartenhalter nummer,9,google
kartenhalter nussbaum,10,google
kartenhalter orange,1,google
kartenhalter outdoor,2,google
kartenhalter off white,3,google
kartenhalter obi,4,google
kartenhalter ordner,5,google
kartenhalter otto,6,google
kartenhalter original,7,google
kartenhalter offen,8,google
origami kartenhalter,9,google
orf kartenhalter,10,google
kartenhalter portemonnaie damen,2,google
kartenhalter portemonnaie herren,3,google
kartenhalter prada,4,google
kartenhalter plastik,5,google
kartenhalter pokemon,6,google
kartenhalter postkarten,7,google
kartenhalter pflege,8,google
kartenhalter portemonnaie mit münzfach,9,google
kartenhalter personalisiert,10,google
kartenhalter querformat,1,google
quadlock kartenhalter,2,google
ausweishüllen kartenhalter querformat,3,google
ausweishüllen kartenhalter querformat mattiert,4,google
kartenhalter 3 karten,8,google
kartenhalter klammer,9,google
kartenhalter rossmann,1,google
kartenhalter ralph lauren,2,google
kartenhalter rund,3,google
kartenhalter rosa,4,google
kartenhalter rfid,5,google
kartenhalter rot,6,google
kartenhalter romme,7,google
kartenhalter raysin,8,google
kartenhalter rund nähen anleitung kostenlos,9,google
kartenhalter rund nähen,10,google
kartenhalter schlüsselanhänger,2,google
kartenhalter selber machen,3,google
kartenhalter schwarz,4,google
kartenhalter selber machen holz,5,google
kartenhalter selber basteln,6,google
kartenhalter sparkasse,7,google
kartenhalter spiel,8,google
kartenhalter senioren,9,google
kartenhalter schlüsselband,10,google
kartenhalter tommy hilfiger,2,google
kartenhalter tedi,3,google
kartenhalter tischkarten,4,google
kartenhalter temu,5,google
kartenhalter transparent,6,google
kartenhalter thalia,7,google
kartenhalter ton,8,google
kartenhalter test,9,google
kartenhalter teleskop,10,google
kartenhalter umhängen,1,google
kartenhalter uno,2,google
kartenhalter um hals,3,google
kartenhalter unendlich,4,google
kartenhalter unendlichkeitszeichen,5,google
kartenhalter urban outfitters,6,google
kartenhalter umhängetasche,7,google
kartenhalter und geldbörse,8,google
uno kartenhalter kinder,9,google
kartenhalter zadig und voltaire,10,google
kartenhalter valentino,1,google
kartenhalter vegan,2,google
kartenhalter viele karten,3,google
kartenhalter visa,4,google
kartenhalter vertikal,5,google
kartenhalter victoria secret,6,google
kartenhalter von mersor studio,7,google
kartenhalter visitenkarten,8,google
kartenhalter vintage,9,google
kartenhalter vivienne westwood,10,google
kartenhalter wand,1,google
kartenhalter wand metall,2,google
kartenhalter weiß,3,google
kartenhalter windschutzscheibe,4,google
kartenhalter wand ikea,5,google
kartenhalter wand holz,6,google
kartenhalter wallet,7,google
kartenhalter wandmontage,8,google
kartenhalter waldorf,9,google
kartenhalter weihnachten,10,google
kartenhalter xxl,1,google
sim kartenhalter xiaomi,2,google
kartenhalter mit wandhalterungen,6,google
kartenhalter zum aufkleben,7,google
kartenhalter ysl,1,google
kartenhalter yugioh,2,google
youtube kartenhalter nähen,3,google
ysl kartenhalter leopard,4,google
ysl kartenhalter rosa,5,google
ysl kartenhalter pink,6,google
ysl kartenhalter herren,7,google
ysl kartenhalter damen,8,google
ysl kartenhalter schwarz,9,google
youtube kartenhalter,10,google
kartenhalter zum umhängen,1,google
kartenhalter zalando,2,google
kartenhalter zipper,3,google
kartenhalter zugangskarte,5,google
kartenhalter zum aufhängen,6,google
kartenhalter zum ausziehen,8,google
kartenhalter zip,9,google
kartenhalter zeiterfassung,10,google
geldboerse damen,1,bing
geldboersen,3,bing
geldboerse online,4,bing
geldboerse damier canvas,9,bing
geldbörsen für männer,10,bing
geldbörse aus tetrapack anleitung,4,bing
geldbörse artikel,5,bing
geldbörse aus leder,9,bing
geldbörse bruno banani,2,bing
geldbörse büffelleder damen,5,bing
geldbörse bvb,6,bing
geldbörse bree,7,bing
geldbörse bercy,8,bing
geldbörse branco,9,bing
geldbörse bugatti,10,bing
geldbörse clipart,3,bing
geldbörse chiemsee,4,bing
geldbörse cordura,8,bing
geldbörse cordovan,9,bing
geldbörse comic,10,bing
geldbörse damen leder hochwertig,5,bing
geldbörse damen amazon,6,bing
geldbörse damen leder outlet,7,bing
geldbörse damen groß viele fächer,8,bing
geldbörse damen liebeskind sale,9,bing
geldbörse damen bunt,10,bing
geldbörse echt leder,2,bing
geldbörse esprit damen,4,bing
geldbörse emma,5,bing
geldbörse etsy,6,bing
geldbörse eule,7,bing
geldbörse falten,2,bing
geldbörse für damen,3,bing
geldbörse für frauen,4,bing
geldbörse für münzen,10,bing
geldbörse gürtel,5,bing
geldbörse golden head,6,bing
geldbörse grundschule,7,bing
geldbörse gestohlen was tun,8,bing
geldbörse gefunden was tun,10,bing
geldbörse herren testsieger,5,bing
geldbörse herren leder luxus,7,bing
geldbörse herren kleinformat,8,bing
geldbörse herren rfid,9,bing
geldbörse herren kaufen,10,bing
geldbörse irma,2,bing
geldbörse iclip,3,bing
Geldbörse ikea,6,bing
Geldbörse ihk,7,bing
Geldbörse iserv,8,bing
Geldbörse ionos,9,bing
Geldbörse idealo,10,bing
geldbörse jamie jacobs,1,bing
geldbörse jagd,5,bing
geldbörse jugendlich junge,7,bing
geldbörse jeep,8,bing
geldbörse jäger,9,bing
geldbörse katze,9,bing
geldbörse louis vuitton damen,4,bing
geldbörse liebeskind damen,6,bing
geldbörse leder rot,10,bing
geldbörse mit rfid schutz,4,bing
geldbörse mit kette herren,8,bing
geldbörse mit kartenfächern,9,bing
geldbörse mit reißverschluss damen,10,bing
geldbörse nähen schnittmuster kostenlos,5,bing
geldbörse nur für münzen,6,bing
geldbörsen für damen,7,bing
geldbörse nähen youtube,8,bing
geldbörse nähen schnittmuster,9,bing
geldbörsen für damen leder,10,bing
geldbörse outdoor,2,bing
geldbörse online shop,4,bing
geldbörse orten,6,bing
geldbörse oxmox,7,bing
geldbörse oilily,9,bing
geldbörse otto,10,bing
geldbörse porsche,6,bing
geldbörse polyester,7,bing
geldbörse picard damen,9,bing
Geldbörse qvc,2,bing
Geldbörse qr code,3,bing
Geldbörse qis,4,bing
Geldbörse qvc online,5,bing
Geldbörse qgis,6,bing
Geldbörse qatar,7,bing
Geldbörse qnap,8,bing
Geldbörse qtc,9,bing
Geldbörse qwant,10,bing
geldbörse recycling,3,bing
geldbörse reißverschluss damen,4,bing
geldbörse rochenleder,5,bing
geldbörse rot damen,9,bing
geldbörse rot leder damen,10,bing
geldbörse satch,5,bing
geldbörse silber,8,bing
geldbörse samsonite,9,bing
geldbörse scheine,10,bing
geldbörse trifold,3,bing
geldbörse teenager,4,bing
geldbörse ted baker,5,bing
geldbörse tatonka,6,bing
geldbörse taupe,8,bing
geldbörse textil,9,bing
geldbörse tom tailor damen,10,bing
geldbörse und kartenetui,2,bing
geldbörse und handytasche in einem,4,bing
geldbörse und handytasche zum umhängen,5,bing
Geldbörse ups,8,bing
Geldbörse uni,9,bing
Geldbörse usb,10,bing
geldbörse vollmer,4,bing
geldbörse voi,5,bing
geldbörse vans,6,bing
geldbörse veromi,8,bing
geldbörse wild,3,bing
geldbörse wildspitz nähen,5,bing
geldbörse weiches leder damen,6,bing
geldbörse weg was tun,8,bing
geldbörse werbeartikel,9,bing
Geldbörse xing,2,bing
Geldbörse xbox,3,bing
Geldbörse xxl,4,bing
Geldbörse xxxlutz,5,bing
Geldbörse xcel,6,bing
Geldbörse xml,7,bing
Geldbörse xiaomi,8,bing
Geldbörse xdefiant,9,bing
Geldbörse xray,10,bing
Geldbörse youtube,2,bing
Geldbörse yahoo,3,bing
Geldbörse yahoo mail,4,bing
Geldbörse y8 games,5,bing
Geldbörse yy youtube,6,bing
Geldbörse yfood,7,bing
Geldbörse yves,8,bing
Geldbörse y0 youtube,9,bing
Geldbörse y2k,10,bing
geldbörse zwei damen,4,bing
geldbörse zwei münzfächer,5,bing
geldbörse zum umhängen mit handyfach,6,bing
geldbörse zum falten,10,bing
geldbeutel kleinanzeigen,10,bing
geldbeutel airtag,3,bing
geldbeutel aus papier basteln anleitung,5,bing
geldbeutel aus tetrapack bastelanleitung,8,bing
geldbeutel aus feuerwehrschlauch,9,bing
geldbeutel aus kork,10,bing
geldbeutel basteln,1,bing
geldbeutel basteln aus papier,7,bing
geldbeutel billabong,8,bing
geldbeutel büffelleder,10,bing
geldbeutel comic,2,bing
geldbeutel carbon,5,bing
geldbeutel cartoon,6,bing
geldbeutel ck,9,bing
geldbeutel duden,7,bing
geldbeutel damen tamaris,8,bing
geldbeutel damen rfid schutz,9,bing
geldbeutel damen stoff,10,bing
geldbeutel esquire,4,bing
geldbeutel echtleder,5,bing
geldbeutel ebay,6,bing
geldbeutel einfach,7,bing
geldbeutel esprit,8,bing
geldbeutel falten aus papier,5,bing
geldbeutel für münzen,7,bing
geldbeutel für männer,8,bing
geldbeutel für frauen,9,bing
geldbeutel für mädchen,10,bing
geldbeutel golden head,6,bing
geldbeutel groß leder,8,bing
geldbeutel gastronomie,9,bing
geldbeutel gestohlen was tun,10,bing
geldbeutel herren slim,5,bing
geldbeutel herren luxus,6,bing
geldbeutel hilfiger,7,bing
geldbeutel herren karten,8,bing
geldbeutel herren vegan,9,bing
geldbeutel illustration,4,bing
geldbeutel im mittelalter,5,bing
geldbeutel liebeskind damen,9,bing
geldbeutel mit rfid schutz,10,bing
geldbeutel jungen,1,bing
geldbeutel jaimie jacobs,2,bing
geldbeutel jugendliche jungen,5,bing
geldbeutel jack daniels,6,bing
geldbeutel jeans,8,bing
geldbeutel jugendliche mädchen,9,bing
geldbeutel kork,6,bing
geldbeutel kinder mädchen,10,bing
geldbeutel leer,7,bing
geldbeutel lv,8,bing
geldbeutel lacoste,9,bing
geldbeutel leder cool,10,bing
geldbeutel mit kette,4,bing
geldbeutel mit reißverschluss damen,7,bing
geldbeutel marken,8,bing
geldbeutel mit handyfach,9,bing
geldbeutel männer leder,10,bing
geldbeutel nachhaltig,4,bing
geldbeutel nähen youtube,5,bing
geldbeutel neon,6,bing
geldbeutel nylon,7,bing
geldbeutel nur für scheine,9,bing
geldbeutel nina,10,bing
geldbeutel oxmox,2,bing
geldbeutel oilily,6,bing
geldbeutel online kaufen,8,bing
geldbeutel origami,10,bing
geldbeutel picard,1,bing
geldbeutel puma,7,bing
geldbeutel piktogramm,9,bing
geldbeutel quicksilver,1,bing
Geldbeutel quaste pu leder,4,bing
Geldbeutel qvc,5,bing
Geldbeutel qr code,6,bing
Geldbeutel qis,7,bing
Geldbeutel qvc online,8,bing
Geldbeutel qgis,9,bing
Geldbeutel qatar,10,bing
geldbeutel rfid,1,bing
geldbeutel rund,5,bing
geldbeutel recycled,8,bing
geldbeutel ratschkatl,9,bing
geldbeutel symbol,7,bing
geldbeutel slim,8,bing
geldbeutel selber gestalten,10,bing
geldbeutel teenager,1,bing
geldbeutel tommy hilfiger,2,bing
geldbeutel textil,5,bing
geldbeutel testsieger,7,bing
geldbeutel the bridge,8,bing
geldbeutel tracker test,9,bing
geldbeutel und handytasche in einem,4,bing
geldbeutel verloren,3,bing
geldbeutel verloren polizei melden,6,bing
geldbeutel von aigner,7,bing
geldbeutel viele fächer,8,bing
geldbeutel von guess,10,bing
geldbeutel werbegeschenk,2,bing
geldbeutel wild things only,7,bing
geldbeutel weg,8,bing
geldbeutel wiki,9,bing
geldbeutel zalando,4,bing
geldbeutel zwei sale,5,bing
geldbeutel zirkeltraining,6,bing
geldbeutel zum falten,9,bing
portemonaie.ch,6,bing
portemonnaie aus tetrapack basteln,2,bing
portemonnaie aus milchkarton,5,bing
portemonnaie aussprache,6,bing
portemonnaie aus kork,7,bing
portemonnaie auf deutsch,8,bing
portemonnaie bilder,2,bing
portemonnaie basteln papier anleitung,3,bing
portemonnaie blumen,6,bing
portemonnaie bear design,7,bing
portemonnaie büffelleder,8,bing
portemonnaie clipart,2,bing
portemonnaie camel,5,bing
portemonnaie comberti,9,bing
portemonnaie damen guess,6,bing
portemonnaie damen louis vuitton,8,bing
portemonnaie damen leder groß,9,bing
portemonnaie damen marken,10,bing
portemonnaie elefant,3,bing
portemonnaie echt leder,4,bing
portemonnaie esprit damen,5,bing
portemonnaie edelweiss,8,bing
portemonnaie falten anleitung,4,bing
portemonnaie für mädchen,5,bing
portemonnaie verloren polizei melden online,7,bing
Portemonaie facebook,8,bing
Portemonaie focus,9,bing
Portemonaie fc bayern,10,bing
portemonnaie gefunden was tun,1,bing
portemonnaie gestohlen was tun,2,bing
portemonnaie günstig,3,bing
portemonnaie guess damen,4,bing
portemonnaie gps finder,6,bing
portemonnaie gn,7,bing
portemonnaie geklaut,10,bing
portemonnaie herren testsieger,3,bing
portemonnaie herren kartenschieber,4,bing
portemonnaie herren tommy hilfiger,6,bing
portemonnaie herren personalisiert,7,bing
portemonnaie herren rfid schutz,8,bing
portemonnaie herren kaufen,9,bing
portemonnaie herren louis vuitton,10,bing
porte monnaie image,5,bing
porte monnaie irisé,6,bing
porte monnaie ikea,7,bing
porte monnaie izly,8,bing
porte monnaie italien,9,bing
porte monnaie intersport,10,bing
portemonnaie jugendlich junge,2,bing
portemonnaie jamie,5,bing
portemonnaie jungen leder,7,bing
portemonnaie junge männer,10,bing
portemonnaie kartenetui,4,bing
portemonnaie kinder mädchen,8,bing
portemonnaie liebeskind damen,5,bing
Portemonaie lidl,6,bing
Portemonaie ls22,7,bing
Portemonaie lzo,8,bing
Portemonaie lmu,9,bing
Portemonaie leo,10,bing
portemonnaie mit rfid schutz,5,bing
portemonnaie mehrzahl,6,bing
portemonnaie mit reißverschluss damen,7,bing
portemonnaie migros,8,bing
portemonnaie mit clipverschluss,9,bing
portemonnaie moon swiss design,10,bing
portemonnaie nähen anleitung kostenlos,2,bing
portemonnaie nici,5,bing
portemonnaie nizza,6,bing
portemonnaie nfc schutz,7,bing
portemonnaie nähen schnittmuster,9,bing
portemonnaie nähen pattydoo,10,bing
porte monnaie orthographe,1,bing
portemonnaie online shop,3,bing
portemonnaie of portemonnee,6,bing
portemonnaie ou porte-monnaie,10,bing
portemonnaie picard,6,bing
portemonnaie personalisieren,9,bing
portemonnaie piktogramm,10,bing
porte monnaie quiksilver,1,bing
porte monnaie qualité,2,bing
Portemonaie qvc,5,bing
Portemonaie qr code,6,bing
Portemonaie qis,7,bing
Portemonaie qvc online,8,bing
Portemonaie qgis,9,bing
Portemonaie qatar,10,bing
portemonnaie rfid schutz,2,bing
portemonnaie reisen,5,bing
portemonnaie reparieren,7,bing
portemonnaie rund,10,bing
portemonnaie schreibweise deutsch,3,bing
portemonnaies,4,bing
portemonnaie satch,9,bing
portemonnaie service,10,bing
portemonnaie tedi,2,bing
portemonnaie test,3,bing
portemonnaie tods,4,bing
portemonnaie tetrapack,7,bing
portemonnaie tommy hilfiger damen,10,bing
portemonnaie und handytasche in einem,3,bing
portemonnaie übersetzung,7,bing
portemonnaie vergleich,3,bing
portemonnaie vans,6,bing
portemonnaie von zwei,7,bing
portemonnaie verschluss,8,bing
portemonnaie von liebeskind,9,bing
portemonnaie vor diebstahl schützen,10,bing
portemonnee wachtwoorden,1,bing
portemonnaie wiener schachtel,7,bing
portemonnaie wiktionary,8,bing
portemonnaie weltbild,10,bing
porte monnaie xbox,1,bing
porte monnaie yves saint laurent femme,2,bing
porte monnaie yves st laurent,3,bing
porte monnaie yoshi,4,bing
portemonnaie zirkeltraining,4,bing
portemonnaie zwei leder,5,bing
portemonnaie zeichnen,6,bing
portemonnaie zeichnung,7,bing
portemonnaie zum klappen,8,bing
porte monnaie zara,10,bing
portmonee,1,bing
portmonee herren,2,bing
portmonee damen,3,bing
portmonee duden,4,bing
portmonee rechtschreibung,5,bing
portmonee für frauen,6,bing
portmonee hirsch,7,bing
portemonnees,9,bing
portmonee adler,5,bing
portmonee anime,6,bing
portmonee amazon,7,bing
portmonee artikel,8,bing
portmonee als tasche,10,bing
portmonee berlin,4,bing
portmonee barbati,5,bing
portmonee brawl stars,6,bing
portmonee bvb,7,bing
portmonee bild,8,bing
portmonee boss,10,bing
portmonee coach,1,bing
portmonee comic,2,bing
portmonee cartoon,3,bing
portmonee clipart,5,bing
portmonee calvin klein,6,bing
portmonee ente,2,bing
portmonee für kinder,6,bing
portmonee foto,7,bing
portmonee für männer,8,bing
portmonee für jugendliche,9,bing
portmonee film,10,bing
portmonee gefunden,3,bing
portmonee gold,4,bing
portemonnaie groß,5,bing
portmonee herren slim,9,bing
portmonee herren test,10,bing
portemonnaie image,4,bing
portemonnee in het engels,7,bing
portemonnee in het duits,8,bing
portmonee joop,3,bing
portmonee jungs,4,bing
portmonee japan,5,bing
portmonee japanese,6,bing
portmonee jugendliche mädchen,8,bing
portmonee klein,4,bing
portmonee kork,10,bing
portmonee lv,6,bing
portmonee leder,7,bing
portmonee leer,9,bing
portmonee leder braun,10,bing
portmonee mit gps,7,bing
portmonee michael kors,9,bing
portmonee mit tieren,10,bing
portmonee one piece,3,bing
portmonee old money,8,bing
portmonee png,3,bing
portmonee papier,4,bing
portmonee plural,5,bing
portmonee patagonia,6,bing
Portmonee qvc,5,bing
Portmonee qr code,6,bing
Portmonee qis,7,bing
Portmonee qvc online,8,bing
Portmonee qgis,9,bing
Portmonee qatar,10,bing
portmonee roblox,4,bing
r. mann portmonee geldbörse,8,bing
portmonee schreibweise,6,bing
portmonee smart,7,bing
portmonee schule,8,bing
portemonnaie shop,9,bing
portmonee synonym,10,bing
portmonee testsieger,2,bing
portemonnee uit brik met dop,4,bing
portemonnaie verloren,2,bing
valentino bags portmonee,6,bing
Portmonee vans,7,bing
Portmonee vergleich,8,bing
Portmonee vr bank,9,bing
Portmonee vhs,10,bing
portemonnee yves renard,2,bing
portmonee zwei,4,bing
portmonee zelda,5,bing
kartenhalter24,6,bing
kartenhalter aus stein,3,bing
kartenhalter apotheke,5,bing
kartenhalter aus metall,6,bing
kartenhalter anatomisches herz,7,bing
kartenhalter aus cd,9,bing
kartenhalter aus draht,10,bing
kartenhalter bauen,5,bing
kartenhalter box,7,bing
kartenhalter birke,8,bing
kartenhalter schule,5,bing
kartenhalter schlüsselbund,7,bing
kartenhalter schnur,8,bing
kartenhalter schreibtisch,9,bing
kartenhalter durable,5,bing
kartenhalter din a4,7,bing
kartenhalter din a5,8,bing
kartenhalter doppelt,9,bing
kartenhalter ec karte,2,bing
kartenhalter für fahrradlenker e bike,9,bing
was ist ein kartenhalter,10,bing
kartenhalter fahrradlenker,6,bing
kartenhalter für auto,8,bing
kartenhalter für din a4,9,bing
kartenhalter für spielkarten kinder,10,bing
kartenhalter gastronomie,1,bing
kartenhalter glas,5,bing
kartenhalter gießform,9,bing
kartenhalter hartplastik,4,bing
kartenhalter holz ikea,6,bing
kartenhalter handy logo,7,bing
kartenhalter hals,8,bing
kartenhalter hotel,10,bing
kartenhalter tischdeko,8,bing
kartenhalter mit schieber,10,bing
kartenhalter kaufland,2,bing
kartenhalter kork,3,bing
kartenhalter klein,4,bing
kartenhalter kunststoff,7,bing
kartenhalter kinder filz,8,bing
kartenhalter laserdatei,3,bing
kartenhalter leiste,4,bing
Kartenhalter leder,8,bing
Kartenhalter lenker,9,bing
Kartenhalter louis vuitton,10,bing
kartenhalter mit jojo,6,bing
kartenhalter mit klammer,8,bing
kartenhalter mit clip,9,bing
kartenhalter mit schlüsselband,10,bing
kartenhalter holz für spielkarten,8,bing
kartenhalter holz tedi,9,bing
kartenhalter holz gebogen,10,bing
kartenhalter plexiglas,3,bing
kartenhalter pink,7,bing
sim kartenhalter geht nicht raus,4,bing
Kartenhalter rad,5,bing
Kartenhalter rfid,6,bing
Kartenhalter rtl,7,bing
Kartenhalter ryanair,8,bing
Kartenhalter rmv,9,bing
Kartenhalter rki,10,bing
kartenhalter stl,5,bing
kartenhalter steine,6,bing
kartenhalter selber nähen,8,bing
kartenhalter selbstklebend,10,bing
kartenhalter stoff,6,bing
kartenhalter stabil,7,bing
kartenhalterung,1,bing
kartenhalterung fahrrad,2,bing
kartenhalterung wand,3,bing
kartenhalterung plastik,4,bing
kartenhalterung kinder,5,bing
kartenhalter für visitenkarten,6,bing
kartenhalter werbemittel,7,bing
kartenhalter wandhalter für stempelkarten,9,bing
sim kartenhalter iphone x,4,bing
Kartenhalter xing,5,bing
Kartenhalter xbox,6,bing
Kartenhalter xxl,7,bing
Kartenhalter xxxlutz,8,bing
Kartenhalter xcel,9,bing
Kartenhalter xml,10,bing
Kartenhalter ysl,5,bing
Kartenhalter youtube,6,bing
Kartenhalter yahoo,7,bing
Kartenhalter yahoo mail,8,bing
Kartenhalter y8 games,9,bing
Kartenhalter yy youtube,10,bing
kartenhalter zum kleben,2,bing
Kartenhalter kartenhalter zum aufkleben id,8,bing
Kartenhalter zdf,9,bing
Kartenhalter zdf mediathek,10,bing
geldbörse clutch,6,yahoo
geldbörse krokodilleder,9,yahoo
geldbörsen damen,10,yahoo
geldbörsen herren,12,yahoo
geldbörse marken,15,yahoo
geldbörse arlettis rot,1,yahoo
geldbörse adidas,3,yahoo
geldbörse aus kork,5,yahoo
geldbörse aus stoff,6,yahoo
geldbörse anne klein,7,yahoo
geldbörse aus tetrapack,9,yahoo
geldbörse aus büffelleder,10,yahoo
geldbörse aus papier basteln,11,yahoo
geldbörse bensch,4,yahoo
geldbörse cocinelle arlettis,3,yahoo
geldbörse clipverschluss,6,yahoo
geldbörse desigual,2,yahoo
geldbörse ddr,4,yahoo
geldbörse damen fossil,5,yahoo
geldbörse damen rot leder,6,yahoo
geldbörse damen online shop,7,yahoo
geldbörse damen stoff,10,yahoo
geldbörse damen vegan,11,yahoo
geldbörse damen maitre,13,yahoo
geldbörse damen marken,14,yahoo
geldbörse damen gebraucht,16,yahoo
geldbörse damen magnetverschluss,17,yahoo
geldbörse damen echt leder,18,yahoo
geldbörse damen braun büffel,19,yahoo
geldbörse damen hellrot leder,20,yahoo
geldbörse ebay,3,yahoo
geldbörse edel,4,yahoo
geldbörse geldbeutel,4,yahoo
geldbörse hosengürtel,3,yahoo
geldbörse handy,4,yahoo
geldbörse herren angebote,7,yahoo
geldbörse herren karten,8,yahoo
geldbörse herren secrid,9,yahoo
geldbörse herren mit kette,11,yahoo
geldbörse häkeln anleitung kostenlos,12,yahoo
geldbörse jungs,4,yahoo
geldbörse kate liebeskind,5,yahoo
geldbörse karten rot unix,6,yahoo
geldbörse kinder mit münzfach,7,yahoo
geldbörse köln,8,yahoo
geldbörse kolibri shag &wear,9,yahoo
geldbörse lv mit kleingeldfach herren,4,yahoo
geldbörse lauterbach,5,yahoo
geldbörse liebeskind patty slam,8,yahoo
geldbörse liebeskind berlin,9,yahoo
geldbörse mit gravur,8,yahoo
geldbörse mit vielen fächern,9,yahoo
liebeskind geldbörse outlet,4,yahoo
liebeskind geldbörse pink,4,yahoo
liebeskind geldbörse pablita,5,yahoo
the chesterfield brand geldbörse prague,6,yahoo
moschino geldbörse rosa,2,yahoo
liebeskind geldbörse reduziert,3,yahoo
louis vuitton geldbörse rosa,4,yahoo
mcm geldbörse rot,5,yahoo
geldbörse selbstverteidigung,1,yahoo
geldbörse schnappverschluss,4,yahoo
geldbörse schnittmuster gratis,6,yahoo
mcm geldbörse türkis,3,yahoo
rfid geldbörse testsieger,4,yahoo
geldbörse union jack,1,yahoo
geldbörse und papiere sinnvoll aufbewahren,2,yahoo
handy geldbörse umhängetasche,3,yahoo
geldbörse von bree,3,yahoo
kinder geldbörse zum umhängen,2,yahoo
geldbeutel umlaufender reißverschluss,7,yahoo
geldbeutel jungs,10,yahoo
geldbeutel basteln papier,20,yahoo
geldbeutel anhänger,3,yahoo
geldbeutel aus leder,5,yahoo
geldbeutel auf französisch,6,yahoo
geldbeutel aunts and uncles,7,yahoo
geldbeutel beige damen,2,yahoo
geldbeutel bree,4,yahoo
geldbeutel buffalo,5,yahoo
geldbeutel chanel,2,yahoo
liebeskind geldbeutel chelsea snake,3,yahoo
leder geldbeutel cognac,4,yahoo
geldbeutel dkny beej,2,yahoo
geldbeutel dollar fashion,4,yahoo
geldbeutel design,5,yahoo
geldbeutel elefantenmuster leder 80-er,3,yahoo
geldbeutel english,4,yahoo
geldbeutel für kinder selber nähen,4,yahoo
geldbeutel fendi,5,yahoo
geldbeutel falten anleitung,6,yahoo
geldbeutel gold,2,yahoo
geldbeutel geklaut,4,yahoo
geldbeutel gefunden,5,yahoo
geldbeutel gestohlen,6,yahoo
geldbeutel handyfach,3,yahoo
leder geldbeutel herren mit prägung,4,yahoo
louis vuitton geldbeutel herren,5,yahoo
tommy hilfiger geldbeutel herren,6,yahoo
joop geldbeutel herren,7,yahoo
aigner geldbeutel herren,8,yahoo
leder geldbeutel herren,9,yahoo
geldbeutel jamie jakobs,2,yahoo
geldbeutel junge männer,3,yahoo
michael kors geldbeutel jet set travel blau,4,yahoo
glen appin geldbeutel klein,4,yahoo
süddt österr geldbeutel kasse,5,yahoo
liebeskind geldbeutel klein,6,yahoo
michael kors geldbeutel klein,7,yahoo
geldbeutel leder rot elefanten,7,yahoo
geldbeutel leder billabong cognac,8,yahoo
geldbeutel leder glitzer,9,yahoo
geldbeutel leder skull amazon bestellen,10,yahoo
geldbeutel mit karten,7,yahoo
geldbeutel mcm,8,yahoo
geldbeutel moon,9,yahoo
geldbeutel mit klammer,10,yahoo
geldbeutel mit schlüssel,11,yahoo
joop geldbeutel pink,1,yahoo
guess geldbeutel relief,2,yahoo
kinder geldbeutel robotik,3,yahoo
mcm geldbeutel rot,4,yahoo
geldbeutel schlüsselanhänger nähen leder,2,yahoo
geldbeutel stoffbörse,4,yahoo
geldbeutel straussenleder,5,yahoo
geldbeutel ted baker,2,yahoo
geldbeutel teens,3,yahoo
geldbeutel trend,4,yahoo
geldbeutel tedto ag,6,yahoo
geldbeutel ted tobag,7,yahoo
geldbeutel vintage rot leder elefantenmuster,3,yahoo
geldbeutel versace,5,yahoo
geldbeutel von fab,7,yahoo
geldbeutel zwei fächer,3,yahoo
portemonaies,1,yahoo
portmonee kaufen,9,yahoo
portemonnaie umlaufender reißverschluss,14,yahoo
portmonee satch,15,yahoo
portmonee nähen,16,yahoo
portmonee basteln,17,yahoo
portmonee liebeskind,19,yahoo
portmonee verschönern,20,yahoo
portmonee aunts and uncles,1,yahoo
portemonnaie für frauen,3,yahoo
portemonnaie flach klett,5,yahoo
portemonnaie franz,7,yahoo
portemonnaie für jugendliche,8,yahoo
portmonee mit foto,1,yahoo
echt leder portmonee mit name,2,yahoo
herren portmonee mit name,3,yahoo
echt glatt leder portmonee mit name,4,yahoo
schwarz rotes portmonee nürburgring,2,yahoo
kartenhalter für fahrrad,6,yahoo
kartenhalter von montblanc sartorial kalligraphie,7,yahoo
kartenhalter mit anstecknadel,12,yahoo
aigner kartenhalter grün sale,1,yahoo
kartenhalter holz mit reagenzglas,2,yahoo
geldbörse golden head herren,7,duckduckgo
geldboete vierde categorie,5,duckduckgo
geldboete vijfde categorie,6,duckduckgo
i clip geldbörse,7,duckduckgo
i clip geldbörse mit münzfach,8,duckduckgo
geldbörse jaimie jacobs,7,duckduckgo
geldbörse online kaufen,7,duckduckgo
handytasche mit geldbörse zum umhängen,7,duckduckgo
handytasche mit geldbörse zum umhängen leder,8,duckduckgo
geldbörse vegan herren,8,duckduckgo
geldbörse männer xxl,2,duckduckgo
damen geldbörse xxl,3,duckduckgo
geldbeutel leder selber machen,8,duckduckgo
geldbeutel mittelalter,8,duckduckgo
geldbeutel für karten und scheine herren,8,duckduckgo
porte monnaie blanc,3,duckduckgo
porte-monnaie femme,5,duckduckgo
porte monnaie femme cuir,7,duckduckgo
porte monnaie homme,1,duckduckgo
porte monnaie hermès,2,duckduckgo
porte monnaie homme cuir,3,duckduckgo
porte monnaie homme lacoste,5,duckduckgo
porte monnaie homme luxe,6,duckduckgo
porte monnaie homme louis vuitton,7,duckduckgo
portemonnaie jaimie jacobs,5,duckduckgo
portemonnaie paradies,2,duckduckgo
porte monnaie rouge,2,duckduckgo
porte monnaie ralph lauren,7,duckduckgo
portemonnaie selber machen,6,duckduckgo
porte monnaie cuir,4,duckduckgo
portemonnaie hugo boss,6,duckduckgo
porte monnaie cuir homme,7,duckduckgo
portemonnaie nylon,6,duckduckgo
portemonnee kopen,7,duckduckgo
portemonnee kind,8,duckduckgo
portemonnaie dior,4,duckduckgo
portmonee damen bunt,5,duckduckgo
portemonnee dames,6,duckduckgo
portmonee english,2,duckduckgo
portmonee häkeln,4,duckduckgo
portmonee herren gucci,6,duckduckgo
portmonee herren klein,7,duckduckgo
portmonee herren prada,8,duckduckgo
portmonee klein damen,5,duckduckgo
portmonee herren lacoste,8,duckduckgo
portmonee mädchen,5,duckduckgo
portmonee minecraft,6,duckduckgo
portmonee sportlich,8,duckduckgo
portemonnaie teenager,1,duckduckgo
portemonnaie wiki,1,duckduckgo
portmone wallet,3,duckduckgo
wie schreibt man portmonee,5,duckduckgo
wo ist mein portmonee,6,duckduckgo
portemonnee zwart,6,duckduckgo
portemonnee zadig en voltaire,7,duckduckgo
